objectid,parentid,title,creator,date,date-is-approximate?,year_started,year_gone,valuation,architect,contractor,alternate_names,description,day_book_excerpt,subject,location,latitude,longitude,filename,original_filename,start_date,end_date,text,source,identifier,type,format,language,rights,rightsstatement,display_template,object_location,image_small,image_thumb,image_alt_text
hist_01,,Marston Cottage,,,,1868,1958,5200,C.A. Dunham,N.P. Starks,,"Marston Cottage was built between 1868 and 1870. The third of the three original ""Professors' Houses"" was first occupied by Professor William A. Anthony until he resigned in 1884. Anthony shared the house with Albert E. Foote and E.R. Hutchins. General James Rush Lincoln was the next occupant from 1885 to 1891. From 1892 until his death in 1949, the cottage was home to Anson Marston, whom he shared with Samual W. Beyer. Mrs. Marston continued to live in the house until it was razed in 1958 to permit the construction of the Helser Hall addition. 
The house was brick, with a basement, two full floors, and a large attic. The back stairs were added in 1874. Major repairs were undertaken in 1904. The front porch was screened in 1913, and in 1923, a garage was built into the basement.                                                                                                              Credit: The Iowa State University Campus and Its Buildings
",,,Marston Cottage; Ames; Iowa,42.02370168,-93.6513788,,,1898,1958,,,,,,,,,compound_object,,/objects/small/marston_003_sm.jpg,/objects/thumbs/marston_003_th.jpg,
hist_02,hist_01,"Street View of Marston Cottage, 1956",,1956,,,,,,,,"Marston Cottage in the winter of 1956, view of the street",,,Marston Cottage; Ames; Iowa,,,marston_001.jpg,"Marston Cottage, 1956, ISUSC on Flickr.JPG",,,,,,,image/jpeg,,,,image,/objects/marston_001.jpg,/objects/small/marston_001_sm.jpg,/objects/thumbs/marston_001_th.jpg,
hist_03,hist_01,"Side View of Marston Cottage, 1956",,1956,,,,,,,,View of the side angle of Marston Cottage in the winter of 1956.,,,Marston Cottage; Ames; Iowa,,,marston_002.jpg,"Marston Cottage 2, 1956, ISUSC on Flickr.JPG",,,,,,,image/jpeg,,,,image,/objects/marston_002.jpg,/objects/small/marston_002_sm.jpg,/objects/thumbs/marston_002_th.jpg,
hist_04,hist_01,Front of Marston Cottage,,,,,,,,,,Front view of Marston Cottage,,,Marston Cottage; Ames; Iowa,,,marston_003.jpg,a.JPG,,,,,,,image/jpeg,,,,image,/objects/marston_003.jpg,/objects/small/marston_003_sm.jpg,/objects/thumbs/marston_003_th.jpg,
hist_05,,South Hall,,,,1868; 1871,1912,4500,C.A. Dunham,N.P. Starks,,"The first college president's home, South Hall, stood on Union Drive, east of where the Memorial Union now stands. President Welch moved into South Hall in 1869, and an addition was built in 1871. In 1879, the Welches moved to the Gables, and the Botany and Veterinary Medicine departments moved in. The house was renovated for use by the Domestic Economy Department in 1880. The house was damaged by a tornado in 1882. Beginning in 1896, the building served as the Music Hall until it was destroyed by fire in 1912.

Credit: The Iowa State University Campus and Its Buildings
",,,South Hall; Ames; Iowa ,42.02455896,-93.64547466,,,1868,1912,,,,,,,,,compound_object,,/objects/small/south-hall_002_sm.jpg,/objects/thumbs/south-hall_002_th.jpg,
hist_06,hist_05,South Hall Road View,,,,,,,,,,View of the side angle of South Hall from the Iowa State University Library Archives,,,South Hall; Ames; Iowa ,,,south-hall_001.jpg,"South Hall, nd2.jpg",,,,,,,image/jpeg,,,,image,/objects/south-hall_001.jpg,/objects/small/south-hall_001_sm.jpg,/objects/thumbs/south-hall_001_th.jpg,
hist_07,hist_05,South Hall Front View,,,,,,,,,,View of the front of South Hall from the Iowa State University Library Archives,,,South Hall; Ames; Iowa ,,,south-hall_002.jpg,"South Hall, nd.jpg",,,,,,,image/jpeg,,,,image,/objects/south-hall_002.jpg,/objects/small/south-hall_002_sm.jpg,/objects/thumbs/south-hall_002_th.jpg,
hist_08,hist_05,South Hall Post Fire in 1912,,1912,,,,,,,,Remains of South Hall after the fire in 1912,,,South Hall; Ames; Iowa ,,,south-hall_003.jpg,"South Hall, 1912.jpg",,,,,,,image/jpeg,,,,image,/objects/south-hall_003.jpg,/objects/small/south-hall_003_sm.jpg,/objects/thumbs/south-hall_003_th.jpg,
hist_09,hist_05,South Hall in 1879,,1879,,,,,,,,View of the corner of South Hall from the Iowa State University Library Archives,,,South Hall; Ames; Iowa ,,,south-hall_004.jpg,"South Hall, 1879.jpg",,,,,,,image/jpeg,,,,image,/objects/south-hall_004.jpg,/objects/small/south-hall_004_sm.jpg,/objects/thumbs/south-hall_004_th.jpg,
hist_10,,Music Hall,,,,1868; 1899,1978,6000,C.A. Dunham; H.F. Liebbe; Proudfoot & Bird & Rawson,N.P. Starks; W.M. Rich; Thos. Sloss ,The Maples; Stanton House,"The second professor's home built on campus was first occupied by mathematics Professor George W. Jones. Edgar W. Stanton lived with Jones's family while they lived in the house, and from 1879 to Stanton's death in 1920, the home was known as the Stanton House. The house was remodeled and enlarged in 1899. After her husband's death, Mrs. Stanton continued to live in the house, and when she started a tea room in 1922, the home became known as ""The Maples."" Mrs. Stanton moved out in 1924, and the Home Economics Department continued the operation of the tea room. The east (front) porch was enclosed, and the kitchen was enlarged in 1926. The tearoom closed in 1928 with the opening of the Memorial Union, and the Music Department moved in. The name ""Music Hall"" became official in 1929. The house was torn down in 1978 for the new music building constructed on the site.
Credit: The Iowa State University Campus and Its Buildings
",,,Maples; Ames; Iowa ,42.02474613,-93.64800274,,,1868,1978,,,,,,,,,compound_object,,/objects/small/music-hall_002_sm.jpg,/objects/thumbs/music-hall_002_th.jpg,
hist_11,hist_10,1950 Music Hall,,1950,,,,,,,,Students gathering on the side of the hill next to Music Hall,,,Maples; Ames; Iowa ,,,music-hall_001.jpg,"1950, Music Hall, Fortepan.jpg",,,,,,,image/jpeg,,,,image,/objects/music-hall_001.jpg,/objects/small/music-hall_001_sm.jpg,/objects/thumbs/music-hall_001_th.jpg,
hist_12,hist_10,"Music Hall, ""The Maples""",,1950,,,,,,,,"Front view of Music Hall, ""The Maples""",,,Maples; Ames; Iowa ,,,music-hall_002.jpg,"Maples, xxxx, FB.jpg",,,,,,,image/jpeg,,,,image,/objects/music-hall_002.jpg,/objects/small/music-hall_002_sm.jpg,/objects/thumbs/music-hall_002_th.jpg,
hist_13,hist_10,Music Hall   ,,1950,,,,,,,,Front angle of Music Hall,,,Maples; Ames; Iowa ,,,music-hall_003.jpg,"muschala, AHM.jpg",,,,,,,image/jpeg,,,,image,/objects/music-hall_003.jpg,/objects/small/music-hall_003_sm.jpg,/objects/thumbs/music-hall_003_th.jpg,
hist_14,,Mortensen Cottage,,,,1877; 1884,1927,2250,,,Budd House,"An acre of land was leased to Professor J.L Budd in May 1877, and he began building a home for his family. He sold the house to the College in 1884, when an addition was constructed from plans by Foster and Lieve. Tomlinson built the addition for $780. Budd received $2,000 for the house. The addition was two stories, 14 x 22 feet. The house's chimneys were blown down in the April 8, 1882 cyclone. 

Selection of the location where Budd's house stood as the site for Agricultural Hall(Botony Hall) resulted in the removal of the house in 1892 to an area now the southwest corner of the Dairy Industries Building. Moving, including a new foundation, costs approximately $1,000. The house was razed in 1927 to make room for the new Dairy Industries Building. 
Credit: The Iowa State University Campus and Its Buildings",,,Mortensen Cottage; Ames; Iowa,42.02786119,-93.64575704,,,1877,1927,,,,,,,,,compound_object,,,,
hist_15,hist_14,Mortensen Cottage Living History ,,,,,,,,,,Document of the history of Mortensen Cottage. Includes a list of tenents of the cottage up until 1926. ,,,Mortensen Cottage; Ames; Iowa,,,mortensen-cottage_001.jpg,Mortensen Cottage (Day book).JPG,,,,,,,image/jpeg,,,,image,/objects/mortensen-cottage_001.jpg,/objects/small/mortensen-cottage_001_sm.jpg,/objects/thumbs/mortensen-cottage_001_th.jpg,
hist_16,,Chemical and Physical Laboratory ,,,,1870; 1873,1913,25000,Hugh Brown of Iowa City,,Physical Laboratory,"The first unit of the Chemical and Physical Laboratory was built between 1870 and 1871. The second unit was built between 1872 and 1875. On the night of March 25, 1913, a fire of undetermined origin totally destroyed the laboratory.                                                                                                                      Credit: The Iowa State University Campus and Its Buildings",,,Chemistry Hall; Ames; Iowa ,42.02577339,-93.64970097,,,1870,1913,,,,,,,,,compound_object,,/objects/small/chemistry_001_sm.jpg,/objects/thumbs/chemistry_001_th.jpg,
hist_18,hist_16,Old Chemistry Hall ,,,,,,,,,,Side and front view of Old Chemistry Hall ,,,Chemistry Hall; Ames; Iowa ,,,chemistry_001.jpg,Old-Chemistry-Hall.jpg,,,,,,,image/jpeg,,,,image,/objects/chemistry_001.jpg,/objects/small/chemistry_001_sm.jpg,/objects/thumbs/chemistry_001_th.jpg,
hist_19,hist_16,Chemistry and Physical Laboratory of Mechanics,,,,,,,,,,Old Chemistry Hall with greenery. ,,,Chemistry Hall; Ames; Iowa ,,,chemistry_002.jpg,chem and physical and lab of mech.jpg,,,,,,,image/jpeg,,,,image,/objects/chemistry_002.jpg,/objects/small/chemistry_002_sm.jpg,/objects/thumbs/chemistry_002_th.jpg,
hist_20,,Old Main (Main),,,,1864; 1871,1901; 1902,150000,C.A. Dunham,Jacob Reichard,College Building; The College; Old Main,"Old Main, originally known as Main or the College, stood approximately where Beardshear Hall now stands for only 34 years. When it was built, and many years after, it held the entire college. It housed classrooms, the library, chapel, museums, and dining halls and was the residence of faculty and students. Plans for the College Building began as early as 1858, but construction couldn't start until after the Civil War financial strains had passed, in the spring of 1864.

The construction of the building was plagued with problems from the very start. The original architect was discharged after the first year of construction for incompetence. When the second architect was hired, he determined that the foundation done in the last year needed to be fixed, due to the poor bricks used. The work done in 1864 was ordered to be destroyed, and construction started in the spring of 1865. The new architect also found the plans in need of serious revisions. Despite these revisions, it was discovered once construction was completed that there were no water, lighting, heat, or drainage provisions in the structure.

In 1882, a tornado damaged the south tower. A fire in 1900 destroyed the entire north wing and much of the interior of the center section and damaged much of the remaining building. The damage was barely repaired in 1902 when another fire struck, this time in the south wing, destroying the building. Plans for constructing Beardshear Hall on the same site began shortly after. 

Credit: The Iowa State University Campus and Its Buildings",,,Old Main; Ames; Iowa ,42.02660816,-93.64794385,,,1864,1902,,,,,,,,,compound_object,,/objects/small/old-main_007_sm.jpg,/objects/thumbs/old-main_007_th.jpg,
hist_21,hist_20,View of Campus from the Southeast 1875,,1875,,,,,,,,"View of Campus from SE, 1875",,,Ames; Iowa,,,old-main_001.jpg,"View of Campus from SE, 1875, Flickr.jpg",,,,,,,image/jpeg,,,,image,/objects/old-main_001.jpg,/objects/small/old-main_001_sm.jpg,/objects/thumbs/old-main_001_th.jpg,
hist_22,hist_20,Old main and Morrill Hall ,,,,,,,,,,View from the road leading up to Old Main and Morrill Hall,,,Old Main; Ames; Iowa ,,,old-main_002.jpg,old_main_and_morrill_hall.jpg,,,,,,,image/jpeg,,,,image,/objects/old-main_002.jpg,/objects/small/old-main_002_sm.jpg,/objects/thumbs/old-main_002_th.jpg,
hist_23,hist_20,View of Old Main from Water Tower East ,,1900,,,,,,,,View of Old Main from the Water Tower East ,,,Old Main; Ames; Iowa ,,,old-main_003.jpg,View from Water Tower East -ca1900-2.jpg,,,,,,,image/jpeg,,,,image,/objects/old-main_003.jpg,/objects/small/old-main_003_sm.jpg,/objects/thumbs/old-main_003_th.jpg,
hist_24,hist_20,"View of The Old Chemistry Building, Maples, Presidents Residence, and Old Main",,1876,,,,,,,,"Wide street view of the The Old Chemistry Building, Maples, Presidents Residence, and Old Main circa 1876",,,Old Main; Ames; Iowa ,,,old-main_004.jpg,old_chemistry_building_maples_presidents_residence_and_old_main_circa_1876.jpg,,,,,,,image/jpeg,,,,image,/objects/old-main_004.jpg,/objects/small/old-main_004_sm.jpg,/objects/thumbs/old-main_004_th.jpg,
hist_25,hist_20,Old Main Damage 1900,,1900,,,,,,,,Bystanders looking at the Old Main rubble and fire damage,,,Old Main; Ames; Iowa ,,,old-main_005.png,Old Main 1900-2.png,,,,,,,image/png,,,,image,/objects/old-main_005.png,/objects/small/old-main_005_sm.jpg,/objects/thumbs/old-main_005_th.jpg,
hist_26,hist_20,Old Main and Morrill Hall 1893,,1893,,,,,,,,Landscape view of Old Main and Morrill Hall,,,Old Main; Ames; Iowa ,,,old-main_006.jpg,"Old Main to Morrill, 1893, Flickr.jpg",,,,,,,image/jpeg,,,,image,/objects/old-main_006.jpg,/objects/small/old-main_006_sm.jpg,/objects/thumbs/old-main_006_th.jpg,
hist_27,hist_20,Old Main ,,,,,,,,,,Side view of Old Main ,,,Old Main; Ames; Iowa ,,,old-main_007.jpg,"Old Main, AHM, FB, nd.jpg",,,,,,,image/jpeg,,,,image,/objects/old-main_007.jpg,/objects/small/old-main_007_sm.jpg,/objects/thumbs/old-main_007_th.jpg,
hist_28,hist_20,Drawing of Old Main,,,,,,,,,,Front view drawing of Old Main ,,,Old Main; Ames; Iowa ,,,old-main_008.jpg,Old Main Drawing - Front.JPG,,,,,,,image/jpeg,,,,image,/objects/old-main_008.jpg,/objects/small/old-main_008_sm.jpg,/objects/thumbs/old-main_008_th.jpg,
hist_29,hist_20,Remains of Old Main 1900,,1900,,,,,,,,Remains and damage of Old Main in 1900,,,Old Main; Ames; Iowa ,,,old-main_009.jpg,old main 1900.png.jpg,,,,,,,image/jpeg,,,,image,/objects/old-main_009.jpg,/objects/small/old-main_009_sm.jpg,/objects/thumbs/old-main_009_th.jpg,
hist_30,hist_20,Livestock and Residents in Front of Old Main,,1899,,,,,,,,Three individuals with livestock in front of Old Main ,,,Old Main; Ames; Iowa ,,,old-main_010.jpg,Old Main 1899.jpg,,,,,,,image/jpeg,,,,image,/objects/old-main_010.jpg,/objects/small/old-main_010_sm.jpg,/objects/thumbs/old-main_010_th.jpg,
hist_31,hist_20,Residents in Front of Old Main,,1898,,,,,,,,Residents in the yard outside of Old Main ,,,Old Main; Ames; Iowa ,,,old-main_011.jpg,Old Main 1898 d.jpg,,,,,,,image/jpeg,,,,image,/objects/old-main_011.jpg,/objects/small/old-main_011_sm.jpg,/objects/thumbs/old-main_011_th.jpg,
hist_32,hist_20,Old Main 1898 ,,1898,,,,,,,,Corner view of Old Main ,,,Old Main; Ames; Iowa ,,,old-main_012.jpg,Old Main 1898 e.jpg,,,,,,,image/jpeg,,,,image,/objects/old-main_012.jpg,/objects/small/old-main_012_sm.jpg,/objects/thumbs/old-main_012_th.jpg,
hist_34,hist_20,Street Leading to Old Main,,1898,,,,,,,,Street view leading up to the side of Old Main ,,,Old Main; Ames; Iowa ,,,old-main_013.jpg,Old Main 1898 b.jpg,,,,,,,image/jpeg,,,,image,/objects/old-main_013.jpg,/objects/small/old-main_013_sm.jpg,/objects/thumbs/old-main_013_th.jpg,
hist_35,hist_20,Marching Band Assembled in Front of Old Main ,,1890,,,,,,,,Marching band assembeled in front of Old Main ,,,Old Main; Ames; Iowa ,,,old-main_014.jpg,Old Main 1890.png.jpg,,,,,,,image/jpeg,,,,image,/objects/old-main_014.jpg,/objects/small/old-main_014_sm.jpg,/objects/thumbs/old-main_014_th.jpg,
hist_36,hist_20,"Last of ""Old Emergency"" Article",,1906,,,,,,,,"News paper clipping announcing ""Emergency"" hall is gone",,,Ames; Iowa,,,old-main_015.jpg,isd-9-10-1906.jpg,,,,,,,image/jpeg,,,,image,/objects/old-main_015.jpg,/objects/small/old-main_015_sm.jpg,/objects/thumbs/old-main_015_th.jpg,
hist_38,hist_20,Large Crowd Outside of Old Main,,1890,,,,,,,,Large gathering outside of Old Main in 1890,,,Old Main; Ames; Iowa ,,,old-main_016.jpg,"Main, 1890, APL_8843.jpg",,,,,,,image/jpeg,,,,image,/objects/old-main_016.jpg,/objects/small/old-main_016_sm.jpg,/objects/thumbs/old-main_016_th.jpg,
hist_40,hist_20,Main and Morrill from Northeast,,,,,,,,,,Main Building and Morrill Hall from Northeast. ,,,Old Main; Ames; Iowa ,,,old-main_017.jpg,"Main and Morrill, 1905 Bomb p24.JPG",,,,,,,image/jpeg,,,,image,/objects/old-main_017.jpg,/objects/small/old-main_017_sm.jpg,/objects/thumbs/old-main_017_th.jpg,
hist_41,hist_20,Fire Remains of Old Main ,,1900,y,,,,,,,The remains of Old Main after the fire in 1900,,,Old Main; Ames; Iowa ,,,old-main_018.jpg,4-8-i_oldmain_275-6-8.jpg,,,,,,,image/jpeg,,,,image,/objects/old-main_018.jpg,/objects/small/old-main_018_sm.jpg,/objects/thumbs/old-main_018_th.jpg,
hist_43,hist_20,View of Old Main from the Water Tower,,1897,,,,,,,,View of Old Main from the Water Tower,,,Old Main; Ames; Iowa ,,,old-main_019.jpg,4-8-i_oldmain_209-1 1897 from water tower.jpg,,,,,,,image/jpeg,,,,image,/objects/old-main_019.jpg,/objects/small/old-main_019_sm.jpg,/objects/thumbs/old-main_019_th.jpg,
hist_45,hist_20,Old Main Fire ,,1900,y,,,,,,,Bystanders watching the smoke from Old Main and observing the damage ,,,Old Main; Ames; Iowa ,,,old-main_020.jpg,4-8-i_oldmain_275-6-9.jpg,,,,,,,image/jpeg,,,,image,/objects/old-main_020.jpg,/objects/small/old-main_020_sm.jpg,/objects/thumbs/old-main_020_th.jpg,
hist_47,hist_20,1898 Iowa State Football Team ,,1898,,,,,,,,Iowa State Football team on the Athletic Fields,,,Ames; Iowa,,,old-main_021.jpg,Athletic fields 1898.jpg,,,,,,,image/jpeg,,,,image,/objects/old-main_021.jpg,/objects/small/old-main_021_sm.jpg,/objects/thumbs/old-main_021_th.jpg,
hist_49,hist_20,University Bell West of Main Coal House,,1892,y,,,,,,,University Bell West of Main Coal House,,,Ames; Iowa,,,old-main_022.jpg,1892-rs4-8-i-bx215 university bell w of main - coal houseQ.jpg,,,,,,,image/jpeg,,,,image,/objects/old-main_022.jpg,/objects/small/old-main_022_sm.jpg,/objects/thumbs/old-main_022_th.jpg,
hist_50,,Cattle Barn,,,,1924; 1931,,38969,Proudfoot; Rawson; Soers & Thomas,Fred Fisher,,"The Cattle Barn was built between 1924 and 1925. An appropriation of $10,000 was made in 1923, and bids were received in January 1924. The construction was completed in the late fall of 1926, including silos at the northeast and northwest corners of the building. On the night of October 6, 1931, lightning struck the building, causing a fire that destroyed the entire barn. Steps were taken immediately to replace it. The contract to rebuild was awarded to Fred Fisher later that month, and the new structure was occupied the following February. The silo which received the lightning blow was not rebuilt until 1935. Fire struck again on October 19, 1958, when the east wing roof was burned along with a large quantity of hay. The silos were razed in 1968. 
Credit: The Iowa State University Campus and Its Buildings",,,Cattle Barn; Ames; Iowa,42.0283564,-93.64316207,,,1860,1928,,,,,,,,,compound_object,,/objects/small/cattle-barn_001_sm.jpg,/objects/thumbs/cattle-barn_001_th.jpg,
hist_51,hist_50,Old Cattle Barn,,1929,,,,,,,,Side angle of the old cattle barn,,,Cattle Barn; Ames; Iowa,,,cattle-barn_001.jpg,old_cattle_barn_1929-001.jpg,,,,,,,image/jpeg,,,,image,/objects/cattle-barn_001.jpg,/objects/small/cattle-barn_001_sm.jpg,/objects/thumbs/cattle-barn_001_th.jpg,
hist_52,hist_50,Horse Barn and Old Cattle Barn ,,,,,,,,,,Street view of the horse barn and old cattle barn,,,Cattle Barn; Ames; Iowa,,,cattle-barn_002.jpg,horse_barn_and_old_cattle_barn.jpg,,,,,,,image/jpeg,,,,image,/objects/cattle-barn_002.jpg,/objects/small/cattle-barn_002_sm.jpg,/objects/thumbs/cattle-barn_002_th.jpg,
hist_53,hist_50,Cattle Barn Landscape Architecture,,1890,,,,,,,,Lanscape view of the old catlle barn with view stock ,,,Cattle Barn; Ames; Iowa,,,cattle-barn_003.jpg,Landscape Architecture 1890.jpg,,,,,,,image/jpeg,,,,image,/objects/cattle-barn_003.jpg,/objects/small/cattle-barn_003_sm.jpg,/objects/thumbs/cattle-barn_003_th.jpg,
hist_54,hist_50,Farm APL 1875,,1875,,,,,,,,Livestock and farmers at the old cattle,,,Cattle Barn; Ames; Iowa,,,cattle-barn_004.jpg,"Farm, 1875, APL_0211463.jpg",,,,,,,image/jpeg,,,,image,/objects/cattle-barn_004.jpg,/objects/small/cattle-barn_004_sm.jpg,/objects/thumbs/cattle-barn_004_th.jpg,
hist_55,hist_50,1920 Cattle Barn,,1920,,,,,,,,Side angle view of the cattle barn AG,,,Cattle Barn; Ames; Iowa,,,cattle-barn_005.jpg,"1920a_Cattle Barn, APL.jpg",,,,,,,image/jpeg,,,,image,/objects/cattle-barn_005.jpg,/objects/small/cattle-barn_005_sm.jpg,/objects/thumbs/cattle-barn_005_th.jpg,
hist_56,,Farm House,,,,1860,,36234,Milens Burt of Muscatine,"No contractor, built by day labor",Knapp-Wilson House,"The first building started on the new college land was the Farm House. Plans for it and the barn,  prepared by Milen Burt, architect and builder of Muscatine, had been approved in 1859. The house was completed in 1865. The Farm House, or the Knapp-Wilson House, was designated in 1965 as a Registered National Historic Landmark by the National Park Service of the U.S. Department of the Interior. After Dean Andre moved out in 1970, the University administration determined that the house would no longer be a residence, classroom, or office. The house was preserved and restored as close to its appearance as it was when occupied by Dean Curtiss from 1900-1910.                                                                                                                                  Credit: The Iowa State University Campus and Its Buildings",,,Farm House; Ames; Iowa ,42.0272607,-93.64402082,,,1860,2025,,,,,,,,,compound_object,,/objects/small/farm-house_002_sm.jpg,/objects/thumbs/farm-house_002_th.jpg,
hist_57,hist_56,Military Parade,,1918,,,,,,,,Military members standing at attention with military band members on the right. ,,,Farm House; Ames; Iowa ,,,farm-house_001.jpg,military_parade_1918.jpg,,,,,,,image/jpeg,,,,image,/objects/farm-house_001.jpg,/objects/small/farm-house_001_sm.jpg,/objects/thumbs/farm-house_001_th.jpg,
hist_58,hist_56,The Farm House (Knapp-Wilson House) ,,1911-1926,yes,,,,,,,"Street view of the farm house with 3 seasons poarch, balcony, and front door visible. ",,,Farm House; Ames; Iowa,,,farm-house_002.jpg,The_Farm_House_(Knapp-Wilson_House) 1911-1926 smoewhere (wikipedia).jpg,,,,,,,image/jpeg,,,,image,/objects/farm-house_002.jpg,/objects/small/farm-house_002_sm.jpg,/objects/thumbs/farm-house_002_th.jpg,
hist_59,hist_56,Farm House and Barns Drawing,,1875,yes,,,,,,,Small drawing of the layout for the Farm House and Barns. ,,,Farm House; Ames; Iowa,,,farm-house_003.jpg,Farm House & Barnes (1875-Andreas).JPG,,,,,,,image/jpeg,,,,image,/objects/farm-house_003.jpg,/objects/small/farm-house_003_sm.jpg,/objects/thumbs/farm-house_003_th.jpg,
hist_60,hist_56,Farm House with people,,1885,,,,,,,,Four adults and two children in front of the Farm House,,,Farm House; Ames; Iowa,,,farm-house_004.jpg,"Farm House, 1885, APL.jpg",,,,,,,image/jpeg,,,,image,/objects/farm-house_004.jpg,/objects/small/farm-house_004_sm.jpg,/objects/thumbs/farm-house_004_th.jpg,
hist_61,hist_56,Farm House and Horse Carriage ,,1898,,,,,,,,Horse carriage on the road leading up to the Farm House ,,,Farm House; Ames; Iowa,,,farm-house_005.jpg,Farmhouse 1898.jpg,,,,,,,image/jpeg,,,,image,/objects/farm-house_005.jpg,/objects/small/farm-house_005_sm.jpg,/objects/thumbs/farm-house_005_th.jpg,
hist_62,,Boarding Cottage West,,,,1880,1934,7500,Prof. T.L. Smith,P.S. Whiting; O.P. Stuckslager; David Dale,Stanton Hall; Hospital; Detention Ward,"Enrollments at the College were increasing to the extent that Old Main could only accommodate some students. In 1870 it had been proposed that a dormitory building, harmonizing with the College Building, should be erected northwest of it and provide facilities to house 120 students. The legislature appropriated no funds for that structure. Ten years later, funds were made available for Boarding Cottages. Bids were taken on proposals for six-room and eight-room houses. The contract was awarded to F.S. Whiting to build a 16-room building. The final cost exceeded the $3,500 appropriation by $206.50.                                                                                                      Credit: The Iowa State University Campus and Its Buildings",,,Boarding Cottage West; Ames; Iowa,42.02523342,-93.65033545,,,1880,1933,,,,,,,,,compound_object,,/objects/small/boarding-cottage-west_003_sm.jpg,/objects/thumbs/boarding-cottage-west_003_th.jpg,
hist_63,hist_62,Boarding Cottage Day Book ,,,,,,,,,,,,,Boarding Cottage West; Ames; Iowa,,,boarding-cottage-west_001.jpg,Day 181 - BOARDING COTTAGE.docx,,,,,,,image/jpeg,,,,,,,,
hist_64,hist_62,Iowa State Air Force ROTC Motor Truck,,1978,,,,,,,,Iowa State University Air Force ROTC in front of U.S.Q.M.C  motor truck,,,Boarding Cottage West; Ames; Iowa,,,boarding-cottage-west_002.jpg,motor_truck_second_section_1918.jpg,,,,,,,image/jpeg,,,,image,/objects/boarding-cottage-west_001.jpg,/objects/small/boarding-cottage-west_001_sm.jpg,/objects/thumbs/boarding-cottage-west_001_th.jpg,
hist_65,hist_62,Side View of Boarding Cottage West,,1886,,,,,,,,Side view of Boarding Cottage West and front porch,,,Boarding Cottage West; Ames; Iowa,,,boarding-cottage-west_003.jpg,"Boarding Cottage West, 1886, APL_341711.jpg",,,,,,,image/jpeg,,,,image,/objects/boarding-cottage-west_002.jpg,/objects/small/boarding-cottage-west_002_sm.jpg,/objects/thumbs/boarding-cottage-west_002_th.jpg,
hist_66,hist_62,Back Side of Boarding Cottage West,,1880,,,,,,,,Back side of Boarding Cottage West with man sitting on the back stoop. ,,,Boarding Cottage West; Ames; Iowa,,,boarding-cottage-west_004.jpg,"Boarding Cottage West, 1880, APL_61843.jpg",,,,,,,image/jpeg,,,,image,/objects/boarding-cottage-west_003.jpg,/objects/small/boarding-cottage-west_003_sm.jpg,/objects/thumbs/boarding-cottage-west_003_th.jpg,
hist_67,,Feeding Barn,,,,1880,1901,600,Prof. T.L. Smith,F.S. Whiting,,"The ""Feed Barn"" is shown on the 1883 map about 600 feet east of the F&RM Barn. This is at a location just at the southeast corner of the present Agronomy Greenhouse. This barn was built in 1880 under contract with F.S. Whiting for $725. Painting and other costs brought the total expenditure to $ 792.10. In 1890, Experimental Station Director Speer was authorized to use proceeds from the sale of Station products to repair the barn. A fire starting in this barn in October 1901 destroyed it and the Experiment Station Barn. 

Credit: The Iowa State University Campus and Its Buildings",,,House and Cattle Barns; Ames; Iowa,42.02828952,-93.64183944,,,1880,1901,,,,,,,,,compound_object,,/objects/small/feeding-barn_001_sm.jpg,/objects/thumbs/feeding-barn_001_th.jpg,
hist_68,hist_67,Horse and Cattle Barns,,1990,yes,,,,,,,"Horse and Cattle Barns with hourse carriage, other horses and livestock",,,House and Cattle Barns; Ames; Iowa,,,feeding-barn_001.jpg,"1990s late, APL, Horse and Cattle Barns.jpg",,,,,,,image/jpeg,,,,image,/objects/feeding-barn_001.jpg,/objects/small/feeding-barn_001_sm.jpg,/objects/thumbs/feeding-barn_001_th.jpg,
hist_69,,Horticulture Barn (First),,,,1880,1899,200,,,,"Horticulture Barn was built in 1904 and was located at what is now the southeast corner of Spedding Hall. When construction of Spedding Hall was about to start, it was essential to remove the Horticulture Barn and the Beye House (Nursery School Annex). The barn was removed in 1949.                                               Credit: The Iowa State University Campus and Its Buildings",,,Horticulture Barn; Ames; Iowa,42.02825497,-93.64860608,,,1880,1909,,,,,,,,,,,,,
hist_70,hist_69,Horticulture Barn Document,,,,,,,,,,,,,Horticulture Barn; Ames; Iowa,,,Day 289 - HORTICULTURE BARN.docx,Day 289 - HORTICULTURE BARN.docx,,,,,,,,,,,,,,,
hist_71,,Eastwood Cottage,,,,1878,ca. 1890,400,,,Farm Workman's Cottage,"Built in 1878 located just northeast of the cemetery on open land. A one-acre farm site was allocated in November 1877 to L.L. Eastwood for a farm workman's house, which he would lease from the college. In the spring of 1879, he was furnished wire and posts to enclose the acre of land. At the end of that year, Eastwood was granted permission to remove his house from the college grounds, but he decided against that action because he offered to sell it to the college two years later. The sale was executed in the spring of 1882. Removal of the house was considered later, but in 1888, it was being used by the Experiment Station. No subsequent references to the home have been found. The house appears on an 1883 map but is not shown on an 1896 map. It was apparently razed or removed sometime between 1888 and 1896. 

Credit: The Iowa State University Campus and Its Buildings",,,Eastwood Cottage; Ames; Iowa ,42.03227139,-93.65184337,,,1878,1896,,,,,,,,,compound_object,,,,
hist_72,hist_71,Eastwood Cottage Document,,1878,yes,,,,,,,Document describing the Eastwood Cottage build in 1878 and the Electric and Paint Shop built in 1924,,,Eastwood Cottage; Ames; Iowa ,,,eastwood-cottage_001.jpg,Day 227-Eastwood Cottage.JPG,,,,,,,image/jpeg,,,,image,/objects/eastwood-cottage_001.jpg,/objects/small/eastwood-cottage_001_sm.jpg,/objects/thumbs/eastwood-cottage_001_th.jpg,
hist_73,,Pope Cottage,,,,1877,,2700,Unknown,Unknown,,"Professor of Chemistry Thomas E. Pope built Pope Cottage on the south side of what is now Lincoln Way in 1877. When he was called to M.I.T., he offered the property to the College, and the purchase was agreed to in 1884. Professor Wynn had rented it from Professor Pope before the purchase was made and remained there through 1855. The frame house was typical of the residential design of its period, with two stories and a basement. Inside, plumbing and electricity were installed in 1902. The porch on the southeast corner was added in 1924.                          Credit: The Iowa State University Campus and Its Buildings",,,Pope Cottage; Ames; Iowa ,42.02234994,-93.64233119,,,1877,1981,,,,,,,,,compound_object,,/objects/small/pope-cottage_001_sm.jpg,/objects/thumbs/pope-cottage_001_th.jpg,
hist_74,hist_73,Side Walk to Pope Cottage,,1963,,,,,,,,Side walk leading up to Pope Cottage,,,Pope Cottage; Ames; Iowa ,,,pope-cottage_001.jpg,"Pope Cottage, 1963, ISU Flicker.jpg",,,,,,,image/jpeg,,,,image,/objects/pope-cottage_001.jpg,/objects/small/pope-cottage_001_sm.jpg,/objects/thumbs/pope-cottage_001_th.jpg,
hist_75,,North Hall,,,,1880,1926,10455,Prof. T.L. Smith,F.S. Whiting,Servants' Hall; Margaret Hall Annex,"An appropriation was made in the spring of 1880 for ""a building to be occupied by the schools of Agriculture and Veterinary Science and the Botanical Department."" The construction contract was awarded in May for $5752 to F.S. Whiting. 
The building was completed for occupancy in 1881. On April 8, 1882, a tornado crossed the campus, causing damage to North Hall. Repairs were made the next month. A parch was added on the south side in 1886. Two years later, a water supply and coal stoves were provided. 
When Margaret Hall was built in 1894, North Hall became an attached wing of the new building. The lower floor was made into a kitchen; the second floor was remodeled for the Department of Domestic Economy and living rooms, while the was set up for servants' rooms. North Hall was taken down in 1926. 
Credit: The Iowa State University Campus and Its Buildings",,,North Hall; Ames; Iowa,42.02844685,-93.64695228,,,1880,1926,,,,,,,,,compound_object,,/objects/small/north-hall_001_sm.jpg,/objects/thumbs/north-hall_001_th.jpg,
hist_76,hist_75,North Hall with History  ,,1880,yes,,,,,,,View of North Hall built in 1880. ,,,North Hall; Ames; Iowa,,,north-hall_001.jpg,"North Hall, xxxx, Ross Book p76.JPG",,,,,,,image/jpeg,,,,image,/objects/north-hall_001.jpg,/objects/small/north-hall_001_sm.jpg,/objects/thumbs/north-hall_001_th.jpg,
hist_77,hist_75,State Field Ross Book page 101,,1890s,yes,,,,,,,"Athletic Field west of Morril Hall and north of Marston Hall. The athletic field was built in 1892 and had tennis courts, a baseball diamonds, a football field, and a track. The field was used until 1913. ",,,North Hall; Ames; Iowa,,,north-hall_002.jpg,"State Field, ca1890s, Ross Book p101.JPG",,,,,,,,,,,,,,,
hist_78,hist_75,State Field Ross Book page 100,,1890s,yes,,,,,,,Large turnout at a track meet in the 1890's. ,,,North Hall; Ames; Iowa,,,north-hall_003.jpg,"State Field, ca1890s, Ross Book p100.JPG",,,,,,,,,,,,,,,
hist_79,hist_75,The Creamery Ross Book page 84,,1892,yes,,,,,,,The Creamery was built in 1892 and torn down in 1906. ,,,North Hall; Ames; Iowa,,,north-hall_004.jpg,"Creamery, xxxx, Ross Book p84.JPG",,,,,,,,,,,,,,,
hist_80,hist_75,The Hub Ross Book page 102,,,,,,,,,,"The ""dinkey"" was the steam motor line that operated between Ames and the College from 1891 until 1907. ",,,North Hall; Ames; Iowa,,,north-hall_005.jpg,"Hub, xxxx, Ross Book p102.JPG",,,,,,,,,,,,,,,
hist_81,hist_75,Alumni Hall w Beardshear and Emergency Ross Book page 133,,1904,,,,,,,,The construction of the Alumni Hall started in 1904 and concluded in 1907. Emergency Hall was a temporary classroom building that was constructed after the main burned. Emergency Hall is pictured just north of Alumni Hall. ,,,North Hall; Ames; Iowa,,,north-hall_006.jpg,"Alumni Hall w Beardshear and Emergency, 1904, Ross Book p133.JPG",,,,,,,,,,,,,,,
hist_82,hist_75,Friley with Marston Cottage Ross Book page 76,,1958,,,,,,,,Friley w Marston Cottage Aeriel View and entry from the Ross Book page 76. ,,,North Hall; Ames; Iowa,,,north-hall_007.jpg,"Friley w Marston Cottage, 1958, Ross Book p76.JPG",,,,,,,,,,,,,,,
hist_83,hist_75,North Hall Ross Book page 76,,,,,,,,,,North Hall was the first agricultural hall and was constructed in 1880. ,,,North Hall; Ames; Iowa,,,north-hall_008.jpg,"North Hall, xxxx, Ross Book p76.JPG",,,,,,,,,,,,,,,
hist_84,,Gables,,,,1879,1963,10000,,,International House,"President Welch purchased land and built a home just south of the College property in 1879. This is the present location of Buchanan Hall. The Welch family moved into the house in late 1880. The April 8, 1882 cyclone ""removed a few of the Chimneys"". Professor Millikan Stalker purchased ""The Gables,"" as it was called, in 1898 or 1899 and moved into it in 1899. He willed it to his sister, Sallie Stalker Smith, who, in turn, willed it to her sisters, Margaret Stalker and Julia Stalker Swearingen, during their lifetimes. After their deaths, the property was to go to Iowa State College in the name of Milliken Stalker and Sallie Stalker Smith to further the cause of international goodwill. Ownership of the property passed to the College in 1928. The Gables became International House as a residence for International male students in compliance with Mrs. Smith's will. A fire on January 7, 1951, resulted in extensive damage to the house. The house continued in use by International students until it was purposely burned down in 1963 to make way for Buchanan Hall, which continued as an International student residence.                                                                                                     Credit: The Iowa State University Campus and Its Buildings",,,Iowa State International House; Ames; Iowa ,42.0220868,-93.64375315,,,1879,1963,,,,,,,,,compound_object,,/objects/small/gables_001_sm.jpg,/objects/thumbs/gables_001_th.jpg,
hist_85,hist_84,Gables Day Book ,,,,,,,,,,,,,,,,Day 267 - THE GABLES.docx,Day 267 - THE GABLES.docx,,,,,,,,,,,,,,,
hist_86,hist_84,The Iowa State International House Fire,,1963,yes,,,,,,,"Smoke coming from the front porch of Iowa State International House with bystanders gathered around. (Before 1928, the building was known as Gables)",,,Iowa State International House; Ames; Iowa ,,,gables_001.jpg,"Gables, 1963, APL_9210884-5.jpg",,,,,,,image/jpeg,,,,image,/objects/gables_001.jpg,/objects/small/gables_001_sm.jpg,/objects/thumbs/gables_001_th.jpg,
hist_87,hist_84,Men Help During the Iowa State International House Fire,,1951,yes,,,,,,,"Photo from the Ames Tribune of men helping during The Iowa State International House fire. (Before 1928, the building was known as Gables)",,,Iowa State International House; Ames; Iowa,,,gables_002.jpg,08_1951.01_international_house_fire_c_s.jpg,,,,,,,image/jpeg,,,,image,/objects/gables_002.jpg,/objects/small/gables_002_sm.jpg,/objects/thumbs/gables_002_th.jpg,
hist_88,hist_84,The Iowa State International House in 1929,,1929,,,,,,,,"The Iowa State International House in 1929. (Before 1928, the building was known as Gables)",,,Iowa State International House; Ames; Iowa,,,gables_003.jpg,1929_international_house_isu.jpg,,,,,,,image/jpeg,,,,image,/objects/gables_003.jpg,/objects/small/gables_003_sm.jpg,/objects/thumbs/gables_003_th.jpg,
hist_89,hist_84,Fire Truck and Bystanders Outside of the Iowa State International House Fire,,1951,,,,,,,,"White fire truck and bystanders outside of the Iowa State International House Fire. (Before 1928, the building was known as Gables)",,,Iowa State International House; Ames; Iowa,,,gables_004.jpg,08_1951.01_white_firetruck_international_house_s_c.jpg,,,,,,,image/jpeg,,,,image,/objects/gables_004.jpg,/objects/small/gables_004_sm.jpg,/objects/thumbs/gables_004_th.jpg,
hist_90,hist_84,Fire Damage Inside the Iowa State International House,,1951,yes,,,,,,,"Fire damage inside the Iowa State International House. (Before 1928, the building was known as Gables)",,,Iowa State International House; Ames; Iowa,,,gables_005.jpg,08_1951.01_international_house_fire2_c_s.jpg,,,,,,,image/jpeg,,,,image,/objects/gables_005.jpg,/objects/small/gables_005_sm.jpg,/objects/thumbs/gables_005_th.jpg,
hist_91,hist_84,Smoke Emitting from the Top Windows of the Iowa State International House,,1951,tes,,,,,,,"Smoke emitting from the top windows of Iowa State International House, photo from The Ames Tribune. (Before 1928, the building was known as Gables)",,,Iowa State International House; Ames; Iowa,,,gables_006.jpg,08_1951.01_international_house_fire3_c_s.jpg,,,,,,,image/jpeg,,,,image,/objects/gables_006.jpg,/objects/small/gables_006_sm.jpg,/objects/thumbs/gables_006_th.jpg,
hist_92,,The Hub ,,,,1892,,19939,Josselyn & Taylor,Whiting & Wood,Depot; Bookstore; Post Office,"In 1892, the Hub was built to fulfill the need for a college bookstore, post office, and waiting room for the Ames and College Railway, which had started a year previous. It was commonly called the ""Dinkey Station"" during the years it served as a depot for the steam railway that ran between downtown Ames and Iowa State College. When the steam railway was replaced with an electric streetcar in 1907, the building was moved further north, away from Beardshear, to its present location. In 1920, an addition was built on the north side to increase space for the bookstore and post office. It was in the 1920s that a group of men, the ""Sunshine Club,"" would assemble on the steps during sunny days for birdwatching and heavy discussion.
In 1946, another building was moved and attached to the west side, and in 1953, the east wing was built. The bookstore moved to the Memorial Union in 1953, and the post office moved out ten years later. In 1959, the building officially became ""the Hub"" when vending services were added. During the next 20 years, a copy center, ticket office, and the University Traffic Office moved into the Hub. By 1983, the traffic office and ticket office were relocated, and the outdoor seating area to the west was built. Credit: The Iowa State University Campus and Its Buildings",,,The Hub; Ames; Iowa,42.02694818,-93.64821115,,,1892,2025,,,,,,,,,compound_object,,/objects/small/hub_001_sm.jpg,/objects/thumbs/hub_001_th.jpg,
hist_93,hist_92,Two Men at the Hub ,,,,,,,,,,Two men sitting in front of the train at the Hub. ,,,The Hub; Ames; Iowa,,,hub_001.jpg,"Hub, AHM, FB, nd.jpg",,,,,,,,,,,image,/objects/hub_001.jpg,/objects/small/hub_001_sm.jpg,/objects/thumbs/hub_001_th.jpg,
hist_94,hist_92,Station ,,,,,,,,,,Front photo of the station. ,,,The Hub; Ames; Iowa,,,hub_002.jpg,"Hub, ND, Flickr.jpg",,,,,,,,,,,image,/objects/hub_002.jpg,/objects/small/hub_002_sm.jpg,/objects/thumbs/hub_002_th.jpg,
hist_95,hist_92,Fresh Soph Tug of War 1908,,1908,no,,,,,,,Large crowd around tug of war. ,,,The Hub; Ames; Iowa,,,hub_003.jpg,"Hub and Morrill, 1908, Grinnell.jpeg",,,,,,,,,,,image,/objects/hub_003.jpg,/objects/small/hub_003_sm.jpg,/objects/thumbs/hub_003_th.jpg,
hist_96,hist_92,Women running across the traintracks. Hub and Morril,,1904,no,,,,,,,Women crossing across the traintracks. Hub and Morrill.,,,The Hub; Ames; Iowa,,,hub_004.jpg,"Hub and Morrill, 1904, FB AHM.jpeg",,,,,,,,,,,image,/objects/hub_004.jpg,/objects/small/hub_004_sm.jpg,/objects/thumbs/hub_004_th.jpg,
hist_97,hist_92,Packed train car at the hub looking South East. ,,,,,,,,,,Packed train car at the hub looking South East. ,,,The Hub; Ames; Iowa,,,hub_005.jpg,"hub looking se, ISU web, nd.jpg",,,,,,,,,,,image,/objects/hub_005.jpg,/objects/small/hub_005_sm.jpg,/objects/thumbs/hub_005_th.jpg,
hist_98,hist_92,Crowd of Martson and Morril. Hub 1915,,1915,no,,,,,,,Crowd of Martson and Morril. Hub 1915,,,The Hub; Ames; Iowa,,,hub_006.jpg,"Hub with Marston and Morrill, 1915, ISUSC on Flickr.jpg",,,,,,,,,,,image,/objects/hub_006.jpg,/objects/small/hub_006_sm.jpg,/objects/thumbs/hub_006_th.jpg,
hist_99,hist_92,"The ""Dinkey"" Train Depot",,1900s,yes,,,,,,,"The ""Dinkey"" train depot on central campus. Engineering Hall and Marston Watertower in the background. , c. 1900s",,,The Hub; Ames; Iowa,,,hub_007.jpg,2023-05-08 14.22.10.jpg,,,,,,,,,,,image,/objects/hub_007.jpg,/objects/small/hub_007_sm.jpg,/objects/thumbs/hub_007_th.jpg,
hist_100,hist_92,The Hub with Beat Iowa Sign,,1916,no,,,,,,,The Hub with Beat Iowa Sign,,,The Hub; Ames; Iowa,,,hub_008.jpg,"1916, Hub, AHM on FB.jpg",,,,,,,,,,,image,/objects/hub_008.jpg,/objects/small/hub_008_sm.jpg,/objects/thumbs/hub_008_th.jpg,
hist_101,,Botany Hall,,,,1892; 2003,,122036,Josselyn & Taylor; Proudfoot & Bird, Whiting & Wood; C.E. Atkinson,(Old) Agricultural Hall; Ag. Engineering Hall; Addn. called Farm Mechanics Building,"The Agricultural Hall is composed of stone through the basement and second floor; the rest is brick. The basement was devoted to horticulture. The first floor hosted the department of agricultural chemistry and the horticulture department. There was also a livestock room for class purposes. The second and third floors held offices and recitation rooms. The fourth floor was employed for some of the literary and scientific societies of the college. In 1897, there had been noticeable floor settlement and a considerable amount of plaster cracking. A new Farm Mechanics and Soil Physics Building was constructed as an addition on the north side of Agricultural Hall in 1903. Various modifications and repairs were made over the years. After the Agricultural Engineering department moved to its new building in 19222, the old quarters were used primarily for storage. In 1929, the Botany department moved into the old Agricultural Hall, and the building was renamed Botany Hall. The Botany department remained in that location until 1967, when it moved to Bessey Hall. The Seed Laboratory remained until 1977, when it, too, moved to a new building. The Psychology department was moved from Beardshear Hall to Botany Hall in early 1968. Credit: The Iowa State University Campus and Its Buildings",,,Botany Hall; Ames; Iowa,42.02798589,-93.64586695,,,1892,2025,,,,,,,,,compound_object,,/objects/small/botany-hall_001_sm.jpg,/objects/thumbs/botany-hall_001_th.jpg,
hist_102,hist_101,Agricultural Building,,,,,,,,,,Front view of the Iowa State Agricultural Building ,,,Botany Hall; Ames; Iowa,,,botany-hall_001.jpg,s-l1600.jpg,,,,,,,,,,,image,/objects/botany-hall_001.jpg,/objects/small/botany-hall_001_sm.jpg,/objects/thumbs/botany-hall_001_th.jpg,
hist_103,hist_101,View South of the campanile looking North. ,,1913,no,,,,,,,View South of the campanile looking North. ,,,Botany Hall; Ames; Iowa,,,botany-hall_002.jpg,view_south_of_the_campanile_looking_north_may_5_1913.jpg,,,,,,,,,,,image,/objects/botany-hall_002.jpg,/objects/small/botany-hall_002_sm.jpg,/objects/thumbs/botany-hall_002_th.jpg,
hist_104,hist_101,Old Agricultural Hall and Engineering Annex,,,,,,,,,,Old Agricultural Hall and Engineering Annex,,,Botany Hall; Ames; Iowa,,,botany-hall_003.jpg,old ag and engineering annex.jpg,,,,,,,,,,,image,/objects/botany-hall_003.jpg,/objects/small/botany-hall_003_sm.jpg,/objects/thumbs/botany-hall_003_th.jpg,
hist_105,hist_101,Horticultural Hall ,,1904,no,,,,,,,Horticultural Hall ,,,Botany Hall; Ames; Iowa,,,botany-hall_004.jpg,horticultural_hall_november_1904.jpg,,,,,,,,,,,image,/objects/botany-hall_004.jpg,/objects/small/botany-hall_004_sm.jpg,/objects/thumbs/botany-hall_004_th.jpg,
hist_106,hist_101,Horticulture Buildings with Catt,,1910 ,no,,,,,,,Horticulture Buildings ,,,Botany Hall; Ames; Iowa,,,botany-hall_005.jpg,Horticulture buildings with Catt 1910.jpg,,,,,,,,,,,image,/objects/botany-hall_005.jpg,/objects/small/botany-hall_005_sm.jpg,/objects/thumbs/botany-hall_005_th.jpg,
hist_107,hist_101,Old Agronomy - Agricultural Hall,,1912,no,,,,,,,Old Agronomy - Agricultural Hall,,,Botany Hall; Ames; Iowa,,,botany-hall_006.jpg,"Old Agronomy, 1912, ebay.jpg",,,,,,,,,,,image,/objects/botany-hall_006.jpg,/objects/small/botany-hall_006_sm.jpg,/objects/thumbs/botany-hall_006_th.jpg,
hist_108,hist_101,Old Agricultural Hall ,,1912,no,,,,,,,Old Agricultural Hall ,,,Botany Hall; Ames; Iowa,,,botany-hall_007.jpg,"Old Agricultural Hall, 1912, ebay.jpg",,,,,,,,,,,image,/objects/botany-hall_007.jpg,/objects/small/botany-hall_007_sm.jpg,/objects/thumbs/botany-hall_007_th.jpg,
hist_109,hist_101,Carrie Chapman Catt Hall Agricultural Hall and Greenhouses,,1919,no,,,,,,,Carrie Chapman Catt Hall Agricultural Hall and Greenhouses,,,Botany Hall; Ames; Iowa,,,botany-hall_008.jpg,carrie_chapman_catt_hall_agricultural_hall_and_greenhouses_1919.jpg,,,,,,,,,,,image,/objects/botany-hall_008.jpg,/objects/small/botany-hall_008_sm.jpg,/objects/thumbs/botany-hall_008_th.jpg,
hist_110,hist_101,Horticultural Building,,,,,,,,,,Horticultural Building,,,Botany Hall; Ames; Iowa,,,botany-hall_009.jpg,catt w botany.jpg,,,,,,,,,,,image,/objects/botany-hall_009.jpg,/objects/small/botany-hall_009_sm.jpg,/objects/thumbs/botany-hall_009_th.jpg,
hist_111,hist_101,Ariel - Carrie Chapman Catt Hall Agricultural Hall and Greenhouses,,1910,no,,,,,,,Ariel - Carrie Chapman Catt Hall Agricultural Hall and Greenhouses,,,Botany Hall; Ames; Iowa,,,botany-hall_010.jpg,carrie_chapman_catt_hall_agricultural_hall_aerial_view_1910.jpg,,,,,,,,,,,image,/objects/botany-hall_010.jpg,/objects/small/botany-hall_010_sm.jpg,/objects/thumbs/botany-hall_010_th.jpg,
hist_112,hist_101,Catt and Conservatory,,1955,no,,,,,,,Catt and Conservatory,,,Botany Hall; Ames; Iowa,,,botany-hall_011.jpg,"Catt and conservatory, 1955, ebay.jpg",,,,,,,,,,,image,/objects/botany-hall_011.jpg,/objects/small/botany-hall_011_sm.jpg,/objects/thumbs/botany-hall_011_th.jpg,
hist_113,hist_101,Winter Horse Carriage infront of Agricultural Hall,,,,,,,,,,Winter Horse Carriage infront of Agricultural Hall,,,Botany Hall; Ames; Iowa,,,botany-hall_012.jpg,FJEYAd8VEAIoSXI.jpg,,,,,,,,,,,image,/objects/botany-hall_012.jpg,/objects/small/botany-hall_012_sm.jpg,/objects/thumbs/botany-hall_012_th.jpg,
hist_114,hist_101,Carrie Chapman Catt Hall and Horticultural Laboratory,,1909,no,,,,,,,Carrie Chapman Catt Hall and Horticultural Laboratory,,,Botany Hall; Ames; Iowa,,,botany-hall_013.jpg,carrie_chapman_catt_hall_and_horticultural_laboratory_circa_1909.jpg,,,,,,,,,,,image,/objects/botany-hall_013.jpg,/objects/small/botany-hall_013_sm.jpg,/objects/thumbs/botany-hall_013_th.jpg,
hist_115,hist_101,Agricultural Hall,,1913,no,,,,,,,Agricultural Hall,,,Botany Hall; Ames; Iowa,,,botany-hall_014.jpg,"Agricultural Hall, CA1913, Flickr.jpg",,,,,,,,,,,image,/objects/botany-hall_014.jpg,/objects/small/botany-hall_014_sm.jpg,/objects/thumbs/botany-hall_014_th.jpg,
hist_116,hist_101,Carrie Chapman Catt Hall Entry Stairs,,,,,,,,,,Carrie Chapman Catt Hall Entry Stairs,,,Botany Hall; Ames; Iowa,,,botany-hall_015.jpg,b4b0acda-788e-4fc2-8d19-c1f0681d9b31.JPG,,,,,,,,,,,image,/objects/botany-hall_015.jpg,/objects/small/botany-hall_015_sm.jpg,/objects/thumbs/botany-hall_015_th.jpg,
hist_117,hist_101,Agricultural Building,,1910,,,,,,,,Agricultural Hall,,,Botany Hall; Ames; Iowa,,,botany-hall_016.jpg,"Ag Building, 1910, ebay.jpg",,,,,,,,,,,image,/objects/botany-hall_016.jpg,/objects/small/botany-hall_016_sm.jpg,/objects/thumbs/botany-hall_016_th.jpg,
hist_118,hist_101,Agricultural Hall Iowa State College Longhran Bauer Postcard,,1906,,,,,,,,Agricultural Hall Iowa State College Longhran Bauer Postcard,,,Botany Hall; Ames; Iowa,,,botany-hall_017.jpg,"AGRICULTURAL HALL-IOWA STATE COLLEGE,1906,hpc.jpg",,,,,,,,,,,image,/objects/botany-hall_017.jpg,/objects/small/botany-hall_017_sm.jpg,/objects/thumbs/botany-hall_017_th.jpg,
hist_119,hist_101,Ada Hayden Outside Catt Hall,,1918,,,,,,,,Ada Hayden holding a camera outside Catt Hall,,,Botany Hall; Ames; Iowa,,,botany-hall_018.jpg,"Ada Hayden, ca 1918 outside Catt Hall, FB AHM.jpg",,,,,,,,,,,image,/objects/botany-hall_018.jpg,/objects/small/botany-hall_018_sm.jpg,/objects/thumbs/botany-hall_018_th.jpg,
hist_120,hist_101,Agricultural Engineering Hall,,,,,,,,,,Agricultural Engineering Hall,,,Botany Hall; Ames; Iowa,,,botany-hall_019.jpg,"$(KGrHqV,!k0E68MhP!F7BO7-47e0q!~~60_57.JPG",,,,,,,,,,,image,/objects/botany-hall_019.jpg,/objects/small/botany-hall_019_sm.jpg,/objects/thumbs/botany-hall_019_th.jpg,
hist_121,,Creamery (Second),,1892,yes,1891,1905,12000,,,,The Creamery was built in 1892 on the site of the Agricultural Annex.,,,The Creamery; Ames; Iowa,42.02590533,-93.64367799,,,1891,1905,,,,,,,,,compound_object,,/objects/small/creamery-second_001_sm.jpg,/objects/thumbs/creamery-second_001_th.jpg,
hist_122,hist_121,Creamery Ross Book Page 84,,1892,yes,,,,,,,Creamery Ross Book Page 84,,,The Creamery; Ames; Iowa,,,creamery-second_001.jpg,"Creamery, xxxx, Ross Book p84-001.JPG",,,,,,,,,,,image,/objects/creamery-second_001.jpg,/objects/small/creamery-second_001_sm.jpg,/objects/thumbs/creamery-second_001_th.jpg,
hist_123,,Teamster's Cottage ,,,,1890,1970,2000,Joselyn & Taylor,,Experiment Station; Farm Foreman's House,The Teamster's Cottage was intended for station employees it was located on the Northwest corner of teh lot known as the calf-pasture. In 1915 the house was moved to a site across the road from the power plant. The Teamster's Cottage was razed in 1970. Credit: The Iowa State University Campus and Its Buildings,,,Teamster's Cottage; Ames; Iowa,42.02857236,-93.64443999,,,1890,1970,,,,,,,,,compound_object,,,,
hist_124,hist_123,Teamster's Cottage Day Book,,,,,,,,,,Teamster's Cottage Day Book,,,Teamster's Cottage; Ames; Iowa,,,,"Day, Teamster's Cottage No. 2, p440.JPG",,,,,,,,,,,,,,,
hist_125,,Morrill Hall,,,,1890,,71025,Josselyn & Taylor,General O.J. King,,"Morrill Hall was constructed to fill the need for a library and museum, as well as a chapel. Named to honor the Senator who had sponsored the Morrill bill, which had established the land-grant college system, Morrill Hall was built at a cost of less than $30,000. Since its construction, it has been home to zoology, entomology, and geology classes and labs, Agriculture Extension Offices, the Printing Office, Photo Service, and even a barber shop from 1905-1908. Morrill Hall has been vacant since 1996, when it was deemed unsafe. Renovation on Morrill Hall began in 2005 and is expected to be completed in 2007. The projected cost of the renovation is $9,000,000, most of which came from private donations. Morrill Hall will house the Center for Excellence in Learning and Teaching, the Center for Visual Learning in Textiles and Clothing, and the Christian Petersen Art Museum. Credit: The Iowa State University Campus and Its Buildings",,,Morrill Hall; Ames; Iowa,42.02741327,-93.64812271,,,1890,2025,,,,,,,,,compound_object,,/objects/small/morrill-hall_001_sm.jpg,/objects/small/morrill-hall_001_sm.jpg,
hist_126,hist_125,Morrill Hall,,,,,,,,,,Morrill Hall,,,Morrill Hall; Ames; Iowa,,,morrill-hall_001.jpg,"Morrill Hall ISC, x, ebay.jpg",,,,,,,,,,,image,/objects/morrill-hall_001.jpg,/objects/small/morrill-hall_001_sm.jpg,/objects/thumbs/morrill-hall_001_th.jpg,
hist_127,hist_125,Road to Morrill Hall  ,,1910,no,,,,,,,Road to Morrill Hall,,,Morrill Hall; Ames; Iowa,,,morrill-hall_002.jpg,"Morrill Hall, 1910, ebay.jpg",,,,,,,,,,,image,/objects/morrill-hall_002.jpg,/objects/small/morrill-hall_002_sm.jpg,/objects/thumbs/morrill-hall_002_th.jpg,
hist_129,hist_125,Morrill Hall and Bike Club,,1892,no,,,,,,,Morrill Hall and Bike Club,,,Morrill Hall; Ames; Iowa,,,morrill-hall_004.jpg,"Morrill Hall and bike club, 1892, FB-LA.jpg",,,,,,,,,,,image,/objects/morrill-hall_004.jpg,/objects/small/morrill-hall_004_sm.jpg,/objects/thumbs/morrill-hall_004_th.jpg,
hist_130,hist_125,Men Center stage at Morril Hall,,,,,,,,,,Four men speaking in front of the organ at Morrill Hall ,,,Morrill Hall; Ames; Iowa,,,morrill-hall_005.jpg,morrillhall15.jpg,,,,,,,,,,,image,/objects/morrill-hall_005.jpg,/objects/small/morrill-hall_005_sm.jpg,/objects/thumbs/morrill-hall_005_th.jpg,
hist_131,hist_125,Crowd in front of Morrill Hall,,1908,no,,,,,,,Crowd in front of Morrill Hall,,,Morrill Hall; Ames; Iowa,,,morrill-hall_006.jpg,"Morrill Hall, 1908, LOC.tif",,,,,,,,,,,image,/objects/morrill-hall_006.jpg,/objects/small/morrill-hall_006_sm.jpg,/objects/thumbs/morrill-hall_006_th.jpg,
hist_132,hist_125,"Morrill Hall Organ, Stage, and Seats",,,,,,,,,,"Morrill Hall Organ, Stage, and Seats",,,Morrill Hall; Ames; Iowa,,,morrill-hall_007.jpg,morrillhall7.jpg,,,,,,,,,,,image,/objects/morrill-hall_007.jpg,/objects/small/morrill-hall_007_sm.jpg,/objects/thumbs/morrill-hall_007_th.jpg,
hist_133,hist_125,Two Women Walking from Morrill Hall,,1914,no,,,,,,,Two Women Walking from Morrill Hall,,,Morrill Hall; Ames; Iowa,,,morrill-hall_008.jpg,"Morrill Hall, 1914, ebay.jpg",,,,,,,,,,,image,/objects/morrill-hall_008.jpg,/objects/small/morrill-hall_008_sm.jpg,/objects/thumbs/morrill-hall_008_th.jpg,
hist_134,hist_125,Framed Photo of Morrill Hall,,,,,,,,,,Framed Photo of Morrill Hall,,,Morrill Hall; Ames; Iowa,,,morrill-hall_009.jpg,"$(KGrHqF,!qcFC51U0uORBQyQB3(RE!~~60_12.JPG",,,,,,,,,,,image,/objects/morrill-hall_009.jpg,/objects/small/morrill-hall_009_sm.jpg,/objects/thumbs/morrill-hall_009_th.jpg,
hist_135,hist_125,Side view of Morrill Hall Raw,,,,,,,,,,Side view of Morrill Hall,,,Morrill Hall; Ames; Iowa,,,morrill-hall_010.jpg,Morrill Hall (19xx-01).JPG,,,,,,,,,,,image,/objects/morrill-hall_010.jpg,/objects/small/morrill-hall_010_sm.jpg,/objects/thumbs/morrill-hall_010_th.jpg,
hist_137,hist_125,Rubble and train car in front of Morrill Hall,,,,,,,,,,Rubble and train car in front of Morrill Hall,,,Morrill Hall; Ames; Iowa,,,morrill-hall_012.jpg,366938189_670887651740091_5261463835060538971_n.jpg,,,,,,,,,,,image,/objects/morrill-hall_012.jpg,/objects/small/morrill-hall_012_sm.jpg,/objects/thumbs/morrill-hall_012_th.jpg,
hist_138,,Bevier House,,,,1888,,10500,Foster & Liebbe,Smith & Tusant,Experiment Station Building; Klatter Klub; Sloss House,"The Bevier House was constructed a little over one hundred feet east of Botany Hall. The building was two stories high, frame, with a propogating house attached. In December 1892 the Trustees ordered that the building be assigned to the Music department. That was a temporary home for that department because in May 1894 it was also assigned to the department of Botany, and underwent some repair, remodeling, and painting. The building was moved in 1896 to a location that is now the center of the west wing of MacKay Hll, just north of Margaret Hall. It became a home for employees of the boarding department in Margaret Hall, and was known as the Klatter Klub. It was moved again in 1910 to about the center of the east wing on MacKay Hall. During that time is was the residence of Thomas Sloss, Superintendent of Building and Grounds, who made it his family home un 1924. The house was again moved between December 1924 and March 1925 southwest of the southwest corner of teh Metallurgy Building where is became the Isabel Bevier Home Management House. The building was again moved to north of Pammel Drive, facing west on what is now called North Morrill Road. Bevier House continued as a home management house unitl 1953 and again served that function in 1955-1956. In 1953-1955 and 1956-1961 it was a home for graduate women. It then became office space for retired and emeritus faculty members. Credit: The Iowa State University Campus and Its Buildings",,,Bevier House; Ames; Iowa,42.02777805,-93.64507249,,,1888,1979,,,,,,,,,compound_object,,/objects/small/bevier-house_003_sm.jpg,/objects/thumbs/bevier-house_003_th.jpg,
hist_139,hist_138,Margaret Hall North,,1899,no,,,,,,,Margaret Hall,,,Bevier House; Ames; Iowa,,,bevier-house_001.jpg,"Margaret, North, Bevier House - rare -1899.jpg",,,,,,,,,,,image,/objects/bevier-house_001.jpg,/objects/small/bevier-house_001_sm.jpg,/objects/thumbs/bevier-house_001_th.jpg,
hist_141,hist_138,Bevier House in Front of Train Tracks,,,,,,,,,,Bevier House in Front of Train Tracks,,,Bevier House; Ames; Iowa,,,bevier-house_003.jpg,Bevierhouse.jpg,,,,,,,,,,,image,/objects/bevier-house_003.jpg,/objects/small/bevier-house_003_sm.jpg,/objects/thumbs/bevier-house_003_th.jpg,
hist_142,,Coburn House,,,,1888,1975,8000,,,Knapp Residence; Practice House; Mary B. Welch House; Gertrude Coburn Home Management House,"The Coburn House was built in 1888 on Knoll Road, approximately at the west end of what is today Welch Hall. A water line to the house was authorized in 1898. In 1900, permission was granted to build an addition to the house. The Knapps lived in the house until 192o when it was sold to the College. In August 1920, the house was remodeled as a Home Economics Division practice cottage. Five years later, it was moved north of the Physics Building. The Coburn House was moved again in 1947. The house continued to serve the Home Management function until the fifties when new buildings were built on Richardson Court. It was condemned in the early seventies and razed in 1975. Credit: The Iowa State University Campus and Its Buildings",,,Coburn House; Ames; Iowa,42.02365976,-93.64242165,,,1888,1975,,,,,,,,,compound_object,,/objects/small/coburn-house_001_sm.jpg,/objects/thumbs/coburn-house_001_th.jpg,
hist_143,hist_142,Coburn House,,,,,,,,,,Coburn House with large tree in the front yard. ,,,Coburn House; Ames; Iowa,,,coburn-house_001.jpg,coburnhouse.jpg,,,,,,,,,,,image,/objects/coburn-house_001.jpg,/objects/small/coburn-house_001_sm.jpg,/objects/thumbs/coburn-house_001_th.jpg,
hist_144,,Greenhouse Attached to Bevier House,,,,1896; 2003,1968,5000,Proudfoot & Bird,Lord & Burnham; M. Hullabarger; C.E. Atkinson,,"The greenhouse proper was L-shaped at the east end of the greenhouse was a frame potting house. The greenhouse structure was built on a brick base. When the Horticulture Laboratory was built in 1901, it replaced the potting shack, which was moved to the north side of the greenhouse and there used for general construction work. In 1903, the greenhouses were built as an addition or extension to the north of the 1896 greenhouse. Credit: The Iowa State University Campus and Its Buildings",,,Greenhouse; Ames; Iowa,42.0278132,-93.64505531,,,1888,1897,,,,,,,,,compound_object,,/objects/small/bevier-greenhouse_001_sm.jpg,/objects/thumbs/bevier-greenhouse_001_th.jpg,
hist_145,hist_144,Greenhouse Attached to Bevier House,,,,,,,,,,Greenhouse Attached to Bevier House,,,Greenhouse; Ames; Iowa,,,bevier-greenhouse_001.jpg,Bevierhouse-001.jpg,,,,,,,,,,,image,/objects/bevier-greenhouse_001.jpg,/objects/small/bevier-greenhouse_001_sm.jpg,/objects/thumbs/bevier-greenhouse_001_th.jpg,
hist_146,,Veterinary Hospital,,,,1884,1926,2500,Foster & Liebbe,V. Tomlinson,Carpenter Shop,"Located approximately where Pine Room is situated in Memorial Union. The building faced north, and the ""running water"" was College Creek. Within four or five years of its first use the building was in need of repairs and have become inadequate to serve the increasing number of students. In 1898 it was connected to the central water supply and the windmill that had served to pump water from a well was removed. In 1912 the Veterinary Department moved to teh new Quadrangle. The Superintendent of Buildings and Grounds took over the building at the time as a stroage area for supplies and equipment for maintenance functions. Sometime between then and 1921 a frame one-story shed was added for additional storage across the west side of the building. It was during this period it became known as the Carpenter Shop. In 1926 the building was razed to make room for the new Memorial Union Building.  ",,,Veterinary Hospital; Ames; Iowa,42.02375284,-93.64609178,,,1884,1926,,,,,,,,,compound_object,,/objects/small/veterinary-hospital_001_sm.jpg,/objects/thumbs/veterinary-hospital_001_th.jpg,
hist_147,hist_146,Veterinary Hospital,,1924,no,,,,,,,Veterinary Hospital in 1924,,,Veterinary Hospital; Ames; Iowa,,,veterinary-hospital_001.jpg,vet_hospital_1924_ftb_AHM.jpg,,,,,,,,,,,image,/objects/veterinary-hospital_001.jpg,/objects/small/veterinary-hospital_001_sm.jpg,/objects/thumbs/veterinary-hospital_001_th.jpg,
hist_148,hist_146,Ariel View Looking Southwest from Main Building,,1888,no,,,,,,,Approximate vantage point a visitor at the Centennial looking southeast from Bearshear Hall. ,,,Veterinary Hospital; Ames; Iowa,,,veterinary-hospital_002.jpg,"Osborn, South,Veterinary Hospital, Sanitary, Ross pxx.JPG",,,,,,,,,,,image,/objects/veterinary-hospital_002.jpg,/objects/small/veterinary-hospital_002_sm.jpg,/objects/thumbs/veterinary-hospital_002_th.jpg,
hist_149,hist_146,Early Veterinary Clinic Structure ,,,,,,,,,,"An early structure of the Veterinary Clinic was built in 1885. After the Veterinary Quadrangle was built in 1912, the structure served as storage for the department of buildings and grounds. It was torn down in 1927 when the Memorial Union was built. ",,,Veterinary Hospital; Ames; Iowa,,,veterinary-hospital_003.jpg,"Veterinary Hospital, Ross p71.JPG",,,,,,,,,,,image,/objects/veterinary-hospital_003.jpg,/objects/small/veterinary-hospital_003_sm.jpg,/objects/thumbs/veterinary-hospital_003_th.jpg,
hist_150,hist_146,A large group of People and Horses Outside the Veterinary Hospital,,,,,,,,,,A large group of People and Horses Outside the Veterinary Hospital,,,Veterinary Hospital; Ames; Iowa,,,veterinary-hospital_004.jpg,vethospital-1899.jpg,,,,,,,,,,,image,/objects/veterinary-hospital_004.jpg,/objects/small/veterinary-hospital_004_sm.jpg,/objects/thumbs/veterinary-hospital_004_th.jpg,
hist_152,hist_146,Digitized Iowa State Campus ,,,,,,,,,,Digitized photo copy of Iowa States Campus from the University of Michigan,,,Veterinary Hospital; Ames; Iowa,,,veterinary-hospital_006.jpg,Capture.JPG,,,,,,,,,,,image,/objects/veterinary-hospital_006.jpg,/objects/small/veterinary-hospital_006_sm.jpg,/objects/thumbs/veterinary-hospital_006_th.jpg,
hist_153,,Sanitary Building,,,,1884,1927,5000,Foster & Liebbe ,V. Tomlinson,Hospital; Music Hall; Cranford Hall,"Located about 200 feet northwest of the northwest corner of Memorial Union. The hospital facilities were located on the second floor of the building, with the first floor allocated for use by the Veterinary Department for theoretical classwork. This use prevailed until 1893, when the Veterinary Department moved into Botany Hall (then Agricultural Hall), and the Sanitary Building was used exclusively as a hospital. Credit: The Iowa State University Campus and Its Buildings",,,Sanitary Building; Ames; Iowa,42.02444568,-93.64662715,,,1884,1927,,,,,,,,,compound_object,,/objects/small/sanitary-building_002_sm.jpg,/objects/thumbs/sanitary-building_002_th.jpg,
hist_155,hist_153,Street view of Sanitary Building ,,,,,,,,,,Street view of Sanitary Building ,,,Sanitary Building; Ames; Iowa,,,sanitary-building_002.jpg,"sanitary_s, AHM.jpg",,,,,,,,,,,image,/objects/sanitary-building_002.jpg,/objects/small/sanitary-building_002_sm.jpg,/objects/thumbs/sanitary-building_002_th.jpg,
hist_156,hist_153,Horse Drawn Carriage Next to Sanitary Building,,1901,no,,,,,,,Horse Drawn Carriage Next to Sanitary Building,,,Sanitary Building; Ames; Iowa,,,sanitary-building_003.jpg,"Sanitary Building, 1901, APL.jpg",,,,,,,,,,,image,/objects/sanitary-building_003.jpg,/objects/small/sanitary-building_003_sm.jpg,/objects/thumbs/sanitary-building_003_th.jpg,
hist_157,hist_153,Side View of Sanitary Hall,,1884,no,,,,,,,Side view of Sanitary Hall,,,Sanitary Building; Ames; Iowa,,,sanitary-building_004.jpg,"Sanitary Hall, 1884, APL.jpg",,,,,,,,,,,image,/objects/sanitary-building_004.jpg,/objects/small/sanitary-building_004_sm.jpg,/objects/thumbs/sanitary-building_004_th.jpg,
hist_158,hist_153,Small Dock on Pond Near Music Hall ,,1920,no,,,,,,,Small dock on pond near Music Hall,,,Sanitary Building; Ames; Iowa,,,sanitary-building_005.jpg,"music_hall_1920, AHM.jpg",,,,,,,,,,,image,/objects/sanitary-building_005.jpg,/objects/small/sanitary-building_005_sm.jpg,/objects/thumbs/sanitary-building_005_th.jpg,
hist_159,hist_153,Southeast Looking Towards the Sanitary Building,,,,,,,,,,Central Drive looking Southeast towards the Sanitary Building,,,Sanitary Building; Ames; Iowa,,,sanitary-building_006.jpg,looking SE towards Sanitary Building.jpg,,,,,,,,,,,image,/objects/sanitary-building_006.jpg,/objects/small/sanitary-building_006_sm.jpg,/objects/thumbs/sanitary-building_006_th.jpg,
hist_160,hist_153,Linden Hall,,1950s,yes,,,,,,,Road in front of Linden Hall,,,Sanitary Building; Ames; Iowa,,,sanitary-building_007.jpg,"Linden Hall NW, Late 50s, FB-LA.jpg",,,,,,,,,,,image,/objects/sanitary-building_007.jpg,/objects/small/sanitary-building_007_sm.jpg,/objects/thumbs/sanitary-building_007_th.jpg,
hist_161,hist_153,Music Building - Sanitary Hall,,1919,no,,,,,,,Music Building - Sanitary Hall,,,Sanitary Building; Ames; Iowa,,,sanitary-building_008.jpg,"Sanitarium, c1919, FB.jpg",,,,,,,,,,,image,/objects/sanitary-building_008.jpg,/objects/small/sanitary-building_008_sm.jpg,/objects/thumbs/sanitary-building_008_th.jpg,
hist_162,hist_153,Iowa State Campus,,1913,no,,,,,,,Iowa State Campus,,,Sanitary Building; Ames; Iowa,,,sanitary-building_009.jpg,"1913_campus_inset, AHM.jpg",,,,,,,,,,,image,/objects/sanitary-building_009.jpg,/objects/small/sanitary-building_009_sm.jpg,/objects/thumbs/sanitary-building_009_th.jpg,
hist_163,,English Office Building,,,,1884,,6000,Foster & Liebbe; Josselyn & Taylor,V. Tomlinson; Whiting & Wood,Office Building,"The English Office Building was originally designed to provide offices for the President, Secretary, and Treasurer. In 1905, the Public Grounds Committee recommended the removal of the building. The recommendation was never carried out for the Office Building. In 1908, the college bookstore used the first floor, and the custodian and Head of the Military Department occupied the second floor. The building was connected to the central heating system in 1914, at which time it was the headquarters for the Building and Grounds department, and two rooms were rented to the YMCA for their food service employees. In 1929, the second floor was converted into office space for the English Department, and in 1940, the name of the building was changed to English Office Building. In 1973, all English Speech offices were relocated to the other building, and the old Office Building became the headquarters for International Education Services. Credit: The Iowa State University Campus and Its Buildings",,,English Office Building; Ames; Iowa,42.02565338,-93.64819394,,,1884,2004,,,,,,,,,compound_object,,/objects/small/english-office_001_sm.jpg,/objects/thumbs/english-office_001_th.jpg,
hist_164,hist_163,English Office Building,,,,,,,,,,English Office Building,,,English Office Building; Ames; Iowa,,,english-office_001.jpg,"Englishofficebuilding, ISU.jpg",,,,,,,,,,,image,/objects/english-office_001.jpg,/objects/small/english-office_001_sm.jpg,/objects/thumbs/english-office_001_th.jpg,
hist_165,,Veterinary Barn,,,,1883,1899(?),200(?),,Fremont Turner,Veterinary Hospital,"On the map of the campus in the 1882-83 Biennial Report, the Veterinary Hospital is shown at a location at the northwest corner of today's Library. On later maps it is identified as a barn. In 1885, after the new Veterinary Hospital was completed, the barn was transferred to the use of the boarding department upon payment by that department of $300 to the College Treasurer. This is almost certainly the barn referred to in the Sept. 1892 action of the Board approving the transfer of the ""bus house and barn"" to the Agricultural department and approval of moving them to a new location. The following May, the Building Committee was instructed ""to act at one"" to remove the ""house and barn belonging to the steward's department from the grounds set aside for the Athletic Association."" The Biennial Report for 1892-93 reports that the two buildings had been ""moved to a more suitable location and put in better repair condition."" It is thought that the site selected for the new location of the house was on the south side of the road near west gate, but where the barn was moved is not known. Credit: The Iowa State University Campus and Its Buildings",,,Veterinary Barn; Ames; Iowa,42.02863952,-93.64918321,,,1883,1899,,,,,,,,,compound_object,,,,
hist_167,,Gymnasium,,,,1883,1886,?,,,,Construction of the gymnasium began in 1883. The Gymnasium Association never received enough funds to pay off the indebtness on the building and in March 1886 it was removed by Professor Mount to his property in payment of his aid in financy the construction. Credit: The Iowa State University Campus and Its Buildings,,,Ames; Iowa,42.02639875,-93.64900122,,,1883,1886,,,,,,,,,compound_object,,,,
hist_168,hist_167,,,,,,,,,,,,,,Ames; Iowa,,,,"Day, Gymnasium, p.280.JPG",,,,,,,,,,,,,,,
hist_169,,Sloss House,,,,1882,,8500,J.B. Ballenger,V. Tomlinson,The Pines,"Charles E. Bessey was the home's first resident from 1883-1884. The porch was built in 1884. The longest resident, Thomas Sloss, moved in in 1925. Sloss was superintendent of buildings, and during the 11 years that he lived in the home, he did various remodeling and additions, including extending the south porch, removing the west porch, and adding a garage to the northwest corner, sunroom, study, and bath. The Sloss House now is the home of the Margaret Sloss Women's Center, named after Thomas Sloss's daughter, who was the first woman to earn a Doctorate in Veterinary Medicine and a faculty member from 1923 to 1972. Credit: The Iowa State University Campus and Its Buildings",,,Sloss House; Ames; Iowa,42.025711,-93.64501049,,,1882,2025,,,,,,,,,compound_object,,/objects/small/sloss-house_001_sm.jpg,/objects/thumbs/sloss-house_001_th.jpg,
hist_170,hist_169,Sloss House,,,,,,,,,,Front of the Sloss House,,,Sloss House; Ames; Iowa,,,sloss-house_001.jpg,slosshouse.jpg,,,,,,,,,,,image,/objects/sloss-house_001.jpg,/objects/small/sloss-house_001_sm.jpg,/objects/thumbs/sloss-house_001_th.jpg,
hist_171,,Osborn Cottage,,,,1882,,2000,J.B. Ballenger,V. Tomlinson,,"Built as a residence for professors, the first resident was Herbert Osborn, an instructor in zoology and entomology. Osborn was not the intended first occupant, the house was built originally for a professor and his wife. When the wife arrived from Boston, she promptly refused to live in the home because of the remoteness, so they moved into a home in Ames.
In 1968, the Foreign Student Services, Student Alumni Association, and Landscape Architecture department began using the building. The Honors Program began using the building in 1976.

Credit: The Iowa State University Campus and Its Buildings",,,Osborn Cottage; Ames; Iowa,42.02537863,-93.64430779,,,1882,2001,,,,,,,,,compound_object,,/objects/small/osborn-cottage_001_sm.jpg,/objects/thumbs/osborn-cottage_001_th.jpg,
hist_172,hist_171,Osborn Cottage,,1926,,,,,,,,Front of the Osborn Cottage,,,Osborn Cottage; Ames; Iowa,,,osborn-cottage_001.jpg,osborncottage-1926.jpg,,,,,,,,,,,image,/objects/osborn-cottage_001.jpg,/objects/small/osborn-cottage_001_sm.jpg,/objects/thumbs/osborn-cottage_001_th.jpg,
hist_173,,Laboratory of Mechanics and Mechanical Engineering,,,,1882; 1884,,28053,J.B. Ballenger; Foster & Liebbe; Proudfoot & Bird; A.H. Kimball; Wilkins & Bussard,"V. Tomlinson; R.G. Coutts; U.S. Griffith & Son; King Bole, Inc.",Engineering Hall; Hydraulics Laboratory,"Before the building was even completed (as Engineering Hall), it was realized that it would be too small to accommodate the fast-growing Engineering Department. An addition to the south, extending west, was completed in 1885. 1907, the building underwent major remodeling, and in 1933, the concrete laboratory was built as an addition. Other renovations were completed in 1967 and 1998. Credit: The Iowa State University Campus and Its Buildings",,,Laboratory of Mechanics and Mechanical Engineering; Ames; Iowa,42.02568107,-93.65078359,,,1882,2025,,,,,,,,,compound_object,,/objects/small/lab-mechanics_004_sm.jpg,/objects/thumbs/lab-mechanics_004_th.jpg,
hist_174,hist_173,Laboratory of Mechanics and Mechanical Engineering Shops,,,,,,,,,,Laboratory of Mechanics and Mechanical Engineering Shops,,,Laboratory of Mechanics and Mechanical Engineering; Ames; Iowa,,,lab-mechanics_001.jpg,lab of mechanics and mechanical engineering shops.jpg,,,,,,,,,,,image,/objects/lab-mechanics_001.jpg,/objects/small/lab-mechanics_001_sm.jpg,/objects/thumbs/lab-mechanics_001_th.jpg,
hist_175,hist_173,Man Standing in the Middle of the Mechanical Engineering Lab,,1899,,,,,,,,Man standing in the middle of the Mechanical Engineering Lab,,,Laboratory of Mechanics and Mechanical Engineering; Ames; Iowa,,,lab-mechanics_002.jpg,mechanical-engineering-lab-1899.webp,,,,,,,,,,,image,/objects/lab-mechanics_002.jpg,/objects/small/lab-mechanics_002_sm.jpg,/objects/thumbs/lab-mechanics_002_th.jpg,
hist_176,hist_173,"Engineering Shops, Marston Water Tower, and Martson Hall",,1921,,,,,,,,"View of the Engineering Shops, Marston Water Tower and Martson Hall",,,Laboratory of Mechanics and Mechanical Engineering; Ames; Iowa,,,lab-mechanics_003.jpg,engineering_shops_marston_water_tower_and_marston_hall_1921.jpg,,,,,,,,,,,image,/objects/lab-mechanics_003.jpg,/objects/small/lab-mechanics_003_sm.jpg,/objects/thumbs/lab-mechanics_003_th.jpg,
hist_177,hist_173,Laboratory of Mechanics,,,,,,,,,,,,,Laboratory of Mechanics and Mechanical Engineering; Ames; Iowa,,,lab-mechanics_004.jpg,8fad87f04b578fffc252e56ccca0c974.jpg,,,,,,,,,,,image,/objects/lab-mechanics_004.jpg,/objects/small/lab-mechanics_004_sm.jpg,/objects/thumbs/lab-mechanics_004_th.jpg,
hist_178,,Grounds Cottage,,,,1882,1970,2500,Professor Knapp; Professor Budd,,Sexton Cottage; Old Horticultural Cottage; Gardener's Cottage,The Grounds Cottage was originally located where the Gilman Hall addition stands now. It was later moved twice. Credit: The Iowa State University Campus and Its Buildings,,,Grounds Cottage; Ames; Iowa,42.02993877,-93.64843503,,,1882,1970,,,,,,,,,compound_object,,/objects/small/grounds-cottage_001_sm.jpg,/objects/thumbs/grounds-cottage_001_th.jpg,
hist_179,hist_178,Chemistry with Grounds Cottage,,1916,,,,,,,,Chemistry Building with Grounds Cottage. Three men walking around the Chemistry Building. ,,,Grounds Cottage; Ames; Iowa,,,grounds-cottage_001.jpg,"Chemistry w Grounds Cottage (23), 1916, Flicker-001.jpg",,,,,,,,,,,image,/objects/grounds-cottage_001.jpg,/objects/small/grounds-cottage_001_sm.jpg,/objects/thumbs/grounds-cottage_001_th.jpg,
hist_180,,Farm Laborer's Cottage,,,,1882,1904,2500,Professor Knapp; Professor Budd,,Leighton House; McKay House,"The Trustees acted to initiate the construction of two farm cottages at their May 1882 meeting. The first occupant of the house was William Pierce. Fred Leighton lived there from 1892-1894, and from 1894 to 1904, it was the home of Professor G.L. McKay. In 1904, the house had to be moved to permit the construction of the new creamery (East Hall). It was sold and removed from campus in 1904. Credit: The Iowa State University Campus and Its Buildings",,,Farm Laborer's Cottage; Ames; Iowa,42.02625674,-93.64351508,,,1882,1914,,,,,,,,,compound_object,,/objects/small/farm-laborers-cottage_001_sm.jpg,/objects/thumbs/farm-laborers-cottage_001_th.jpg,
hist_181,hist_180,Farm Laborer's Cottage and Landscape,,,,,,,,,,"Farm Laborer's Cottage with neighboring houses, farm land, and trees. ",,,Farm Laborer's Cottage; Ames; Iowa,,,farm-laborers-cottage_001.jpg,Screenshot From Flicker ISU Special Collections 022.jpg,,,,,,,,,,,image,/objects/farm-laborers-cottage_001.jpg,/objects/small/farm-laborers-cottage_001_sm.jpg,/objects/thumbs/farm-laborers-cottage_001_th.jpg,
hist_182,,Boarding Cottage East,,,,1882,1907,2500,Prof. Belanger,V. Tomlinson,Kirkwood Hall; The Quarters,"The success of Boarding Cottage West resulted in the decision to construct another one to care for additional students. Boarding Cottage East was affordable for students and in demand for students. 1905 East and West Cottages were repaired, and steam heat was piped to each room. East cottage was torn down in 1907.  ",,,Boarding Cottage East; Ames; Iowa,42.02527437,-93.64958936,,,1882,1917,,,,,,,,,compound_object,,,,
hist_184,,Farm Boarding Club ,,,,1879,1970,800,,,Horticulture Hall; Laboratory; Garden House; Faculty Club,"The Farm Boarding Club was constructed the summer on 1878 after the Horticulture Department expressed the need for a ""garden-house"" in 1871. IN 1894 after the Horticulture department had moved to the new Agriculture Hall (Botany Hall), Horticulture Hall was remodeled as a residence. The building continued as a faculty or sub-faculty club until 1906, when it was reserved for contagious hospital purposes. The building remained in place until 1915 when it was moved to the south side of what is now called Wallace Road at the west end of the new addition to the Women's Gym. It was used as an employees' boarding house for some years therafter. Later it was an employees residence. It was razed in 1970 to make way for the Gymnasium addition. Credit: The Iowa State University Campus and Its Buildings",,,Farm Boarding Club; Ames; Iowa,42.02824866,-93.64821939,,,1879,1970,,,,,,,,,compound_object,,,,
hist_186,,Fair Oaks Mansion,,,,1879,1899(?),,,,Bus House,The Fair Oaks Mansion was built by students in 1879. Although no record has been found relative to moving the building it seems safe to assume that such a move was made about 1884 or 1885. This is almost certainly the same building as the one referred to as the Bus House in 1892 and 1893. Credit: The Iowa State University Campus and Its Buildings,,,Fair Oaks Mansion; Ames; Iowa,42.0308117,-93.64977736,,,1879,1899,,,,,,,,,compound_object,,,,
hist_188,,Power Station,,,,1891,1912,2500,Foster & Liebbe,W.B. Christy; Jackson & Moss,Power House; Boiler House; Pumping Station,"Located just north of Laboratory of Mechanics, where east part of Mechanical Engineering Laboratory stands now. The Power Station housed the electrical generating plant as well as the pumping station and also served as a laboratory facility for Mechanical Engineer. The building was razed in 1912 to make room for the new Mechanical Engineering Building. Credit: The Iowa State University Campus and Its Buildings",,,Ames; Iowa,42.0258543,-93.65069259,,,1891,1912,,,,,,,,,compound_object,,/objects/small/power-station_001_sm.jpg,/objects/thumbs/power-station_001_th.jpg,
hist_189,hist_188,"Engineering, Physical and Chemical hall",,1894,yes,,,,,,,Side view of the Engineering Hall and the Physical and Chemical Hall,,,Ames; Iowa,,,power-station_001.jpg,"1894-93 Engineering, Physical and Chemical Hall.JPG",,,,,,,,,,,image,/objects/power-station_001.jpg,/objects/small/power-station_001_sm.jpg,/objects/thumbs/power-station_001_th.jpg,
hist_190,,Creamery (First),,,,1879; 1882,1927,700,,,Farm Foreman's Cottage; Teamster's Cottage No. 1,"The decision to operate a creamery on the College farm was made in late 1878. 1882, a creamery, ice house, and cold storage building were built. In 1891, the Creamery was moved east a few yards and remodeled for the farm foreman's residence. It also served as a boarding house for farm workers. It was razed in 1927 to make way for the new Dairy Industries Building. ",,,Ames; Iowa,42.02721493,-93.64316276,,,1879,1927,,,,,,,,,compound_object,,,,
hist_191,,,,,,,,,,,,,,,,,,,,,,,,,,,,,,,,,,
hist_192,,Horse Barn (First),,,,1870,1900,500,,,,"The horse barn provided suitable stalls, a loft, a harness room, and a granary. It was put up with an appropriation granted by the legislature of 1886. In 1897, funds were requested to expand the horse barn. In 1900, the old horse barn was razed to be replaced by a new barn. Farm Laborer's Cottage with neighboring houses, farmland, and trees. Credit: The Iowa State University Campus and Its Buildings",,,Ames; Iowa,42.02767936,-93.64305904,,,1870,1900,,,,,,,,,compound_object,,,,
hist_193,,,,,,,,,,,,,,,,,,,,,,,,,,,,,,,,,,
hist_194,,Workshop,,,,1870,1898,5000,,,Machine Shop; Engine House; Carpenter Shop; Wash House,"The Workshop was initially built at what is now the west wing of the Laboratory of Mechanicssubsequently moved around 50-60 feet north. President Welch expressed the need to build a workshop large enough to accommodate students who take the course in Mechanic Arts. A 30 x 50 feet frame workshop was constructed with an engine house containing two laundry rooms. When the Workshop was moved in 1885, the laundry room wing was torn down and rebuilt. The building was razed in 1898 after the completion of the new Foundry and the New Carpenter shop that year. Credit: The Iowa State University Campus and Its Buildings",,,Ames; Iowa,42.02575099,-93.65082908,,,1870,1898,,,,,,,,,compound_object,,,,
hist_195,,,,,,,,,,,,,,,,,,,,,,,,,,,,,,,,,,
hist_196,,Experimental Barn,,,,1894,1901,,,,,,,,,,,,,1894,1901,,,,,,,,,,,,,
hist_197,,Experimental Barn Day Book,,,,,,,,,,,,,,,,experimental-barn_001.jpg,"Day, Experimental Barn, p238.JPG",,,,,,,,,,,,,,,
hist_198,,,,,,,,,,,,,,,,,,,,,,,,,,,,,,,,,,
hist_199,,,,,,,,,,,,,,,,,,,,,,,,,,,,,,,,,,
hist_200,,,,,,,,,,,,,,,,,,,,,,,,,,,,,,,,,,
hist_201,,,,,,,,,,,,,,,,,,,,,,,,,,,,,,,,,,
hist_202,,,,,,,,,,,,,,,,,,,,,,,,,,,,,,,,,,
hist_203,,,,,,,,,,,,,,,,,,,,,,,,,,,,,,,,,,
hist_204,,,,,,,,,,,,,,,,,,,,,,,,,,,,,,,,,,
hist_205,,,,,,,,,,,,,,,,,,,,,,,,,,,,,,,,,,